﻿Designator,Quantity,Value,Footprint,Package,MPN,DNP,Mount_Type,Description,Digi-Key_PN,Category,Family,DK_Datasheet_Link,DK_Detail_Page,Description_1,Manufacturer,Status,Sim.Device,Sim.Pins,MF,MAXIMUM_PACKAGE_HEIGHT,Price,Check_prices,STANDARD,PARTREV,SnapEDA_Link,MP,Availability,MANUFACTURER
BZ1,1,PKMCS0909E4000-R1,Piezo_9x9mm_PKMCS0909E4000-R1,,PKMCS0909E4000-R1,,smt,AUDIO PIEZO TRANSDUCER 12.5V SMD,490-9647-1-ND,Audio Products,"Alarms, Buzzers, and Sirens",https://www.murata.com/~{/media/webrenewal/products/sound/sounder/vppt-buzj083-d.ashx},/product-detail/en/murata-electronics-north-america/PKMCS0909E4000-R1/490-9647-1-ND/4878401,AUDIO PIEZO TRANSDUCER 12.5V SMD,Murata Electronics North America,Active,,,,,,,,,,,,
C1,1,10u,C_0805_2012Metric_Pad1.18x1.45mm_HandSolder,,,,smt,"Unpolarized capacitor, small symbol",,,,,,,,,,,,,,,,,,,,
"C2, C3, C4",3,100n,C_0805_2012Metric_Pad1.18x1.45mm_HandSolder,,,,smt,"Unpolarized capacitor, small symbol",,,,,,,,,,,,,,,,,,,,
"D1, D10, D11, D12, D13, D14, D15, D16, D2, D3, D4, D5, D6, D7, D8, D9",16,LED_Small,LED_0805_2012Metric_Pad1.15x1.40mm_HandSolder,,,,smt,"Light emitting diode, small symbol",,,,,,,,,,,,,,,,,,,,
D17,1,D_Small,D_0805_2012Metric_Pad1.15x1.40mm_HandSolder,,,,smt,"Diode, small symbol",,,,,,,,,D,1=K 2=A,,,,,,,,,,
J1,1,USB4130-GF-A_REVA,GCT_USB4130-GF-A_REVA,None,,,smt,,,,,,,"
                        
                            USB Type C Receptacle, Vertical, SMT, For Power charging only
                        
",,,,,Global Connector Technology,6.50 mm,None,https://www.snapeda.com/parts/USB4130-GF-A/Global+Connector+Technology/view-part/?ref=eda,Manufacturer Recommendations,A,https://www.snapeda.com/parts/USB4130-GF-A/Global+Connector+Technology/view-part/?ref=snap,USB4130-GF-A,Not in stock,GCT
Q1,1,BC817-25LT1G,SOT-23-3,,BC817-25LT1G,,smt,TRANS NPN 45V 0.5A SOT23,BC817-25LT1GOSCT-ND,Discrete Semiconductor Products,Transistors - Bipolar (BJT) - Single,https://www.onsemi.com/pub/Collateral/BC817-16LT1-D.PDF,/product-detail/en/on-semiconductor/BC817-25LT1G/BC817-25LT1GOSCT-ND/917829,TRANS NPN 45V 0.5A SOT23,ON Semiconductor,Active,,,,,,,,,,,,
"R1, R2",2,5K1,R_0805_2012Metric_Pad1.20x1.40mm_HandSolder,,,,smt,"Resistor, small symbol",,,,,,,,,,,,,,,,,,,,
"R10, R11, R12, R13, R14, R15, R16, R17, R18, R3, R4, R5, R6, R7, R8, R9",16,560,R_0805_2012Metric_Pad1.20x1.40mm_HandSolder,,,,smt,"Resistor, small symbol",,,,,,,,,,,,,,,,,,,,
"R19, R20",2,1000R,R_0805_2012Metric_Pad1.20x1.40mm_HandSolder,,,,smt,"Resistor, small symbol",,,,,,,,,,,,,,,,,,,,
"TP1, TP2, TP3",3,TestPoint,TestPoint_Pad_D1.0mm,,,,tht,test point,,,,,,,,,,,,,,,,,,,,
U1,1,ATtiny402-SS,SOIC-8_3.9x4.9mm_P1.27mm,,,,smt,"20MHz, 4kB Flash, 256B SRAM, 128B EEPROM, SOIC-8",,,,,,,,,,,,,,,,,,,,
"U2, U3",2,74HC595,SOIC-16_3.9x9.9mm_P1.27mm,,,,smt,8-bit serial in/out Shift Register 3-State Outputs,,,,,,,,,,,,,,,,,,,,
