﻿pos_x,pos_y,rotation,side,designator,mpn,pack,footprint,value,mount_type
0.142239,-23.984319,0.0,top,BZ1,PKMCS0909E4000-R1,,Piezo_9x9mm_PKMCS0909E4000-R1,PKMCS0909E4000-R1,smt
-13.982761,-71.079319,0.0,top,C1,,,C_0805_2012Metric_Pad1.18x1.45mm_HandSolder,10u,smt
-1.907761,-46.371819,-90.0,top,C2,,,C_0805_2012Metric_Pad1.18x1.45mm_HandSolder,100n,smt
3.442239,-53.184319,90.0,top,C3,,,C_0805_2012Metric_Pad1.18x1.45mm_HandSolder,100n,smt
-13.982761,-69.079319,0.0,top,C4,,,C_0805_2012Metric_Pad1.18x1.45mm_HandSolder,100n,smt
-2.007761,-19.984319,180.0,bottom,D1,,,LED_0805_2012Metric_Pad1.15x1.40mm_HandSolder,LED_Small,smt
10.867239,-58.984319,180.0,bottom,D10,,,LED_0805_2012Metric_Pad1.15x1.40mm_HandSolder,LED_Small,smt
-14.507761,-64.984319,180.0,bottom,D11,,,LED_0805_2012Metric_Pad1.15x1.40mm_HandSolder,LED_Small,smt
2.867239,-67.484319,180.0,bottom,D12,,,LED_0805_2012Metric_Pad1.15x1.40mm_HandSolder,LED_Small,smt
22.367239,-71.984319,180.0,bottom,D13,,,LED_0805_2012Metric_Pad1.15x1.40mm_HandSolder,LED_Small,smt
11.617239,-76.437019,180.0,bottom,D14,,,LED_0805_2012Metric_Pad1.15x1.40mm_HandSolder,LED_Small,smt
-5.625461,-75.937019,180.0,bottom,D15,,,LED_0805_2012Metric_Pad1.15x1.40mm_HandSolder,LED_Small,smt
-23.625461,-73.937019,180.0,bottom,D16,,,LED_0805_2012Metric_Pad1.15x1.40mm_HandSolder,LED_Small,smt
2.517239,-30.584319,0.0,top,D17,,,D_0805_2012Metric_Pad1.15x1.40mm_HandSolder,D_Small,smt
4.367239,-26.984319,180.0,bottom,D2,,,LED_0805_2012Metric_Pad1.15x1.40mm_HandSolder,LED_Small,smt
-7.007761,-31.484319,0.0,bottom,D3,,,LED_0805_2012Metric_Pad1.15x1.40mm_HandSolder,LED_Small,smt
5.992239,-36.984319,180.0,bottom,D4,,,LED_0805_2012Metric_Pad1.15x1.40mm_HandSolder,LED_Small,smt
-8.382761,-42.484319,180.0,bottom,D5,,,LED_0805_2012Metric_Pad1.15x1.40mm_HandSolder,LED_Small,smt
3.117239,-47.484319,180.0,bottom,D6,,,LED_0805_2012Metric_Pad1.15x1.40mm_HandSolder,LED_Small,smt
15.492239,-49.484319,180.0,bottom,D7,,,LED_0805_2012Metric_Pad1.15x1.40mm_HandSolder,LED_Small,smt
-15.507761,-51.484319,180.0,bottom,D8,,,LED_0805_2012Metric_Pad1.15x1.40mm_HandSolder,LED_Small,smt
-7.507761,-57.984319,180.0,bottom,D9,,,LED_0805_2012Metric_Pad1.15x1.40mm_HandSolder,LED_Small,smt
-0.007761,-86.934319,0.0,top,J1,,None,GCT_USB4130-GF-A_REVA,USB4130-GF-A_REVA,smt
7.942239,-25.434319,180.0,top,Q1,BC817-25LT1G,,SOT-23-3,BC817-25LT1G,smt
-2.420261,-90.984319,180.0,top,R1,,,R_0805_2012Metric_Pad1.20x1.40mm_HandSolder,5K1,smt
-17.507761,-48.884319,180.0,top,R10,,,R_0805_2012Metric_Pad1.20x1.40mm_HandSolder,560,smt
-3.707761,-59.984319,0.0,top,R11,,,R_0805_2012Metric_Pad1.20x1.40mm_HandSolder,560,smt
14.592239,-60.984319,0.0,top,R12,,,R_0805_2012Metric_Pad1.20x1.40mm_HandSolder,560,smt
-15.507761,-62.146819,90.0,top,R13,,,R_0805_2012Metric_Pad1.20x1.40mm_HandSolder,560,smt
6.592239,-65.584319,0.0,top,R14,,,R_0805_2012Metric_Pad1.20x1.40mm_HandSolder,560,smt
26.192239,-73.984319,0.0,top,R15,,,R_0805_2012Metric_Pad1.20x1.40mm_HandSolder,560,smt
15.392239,-74.484319,0.0,top,R16,,,R_0805_2012Metric_Pad1.20x1.40mm_HandSolder,560,smt
-2.007761,-74.234319,0.0,top,R17,,,R_0805_2012Metric_Pad1.20x1.40mm_HandSolder,560,smt
-25.670261,-75.984319,180.0,top,R18,,,R_0805_2012Metric_Pad1.20x1.40mm_HandSolder,560,smt
10.992239,-29.484319,90.0,top,R19,,,R_0805_2012Metric_Pad1.20x1.40mm_HandSolder,1000R,smt
2.579739,-90.984319,0.0,top,R2,,,R_0805_2012Metric_Pad1.20x1.40mm_HandSolder,5K1,smt
-2.027761,-30.539319,180.0,top,R20,,,R_0805_2012Metric_Pad1.20x1.40mm_HandSolder,1000R,smt
-1.507761,-15.484319,90.0,top,R3,,,R_0805_2012Metric_Pad1.20x1.40mm_HandSolder,560,smt
1.992239,-15.484319,90.0,top,R4,,,R_0805_2012Metric_Pad1.20x1.40mm_HandSolder,560,smt
-10.007761,-28.584319,90.0,top,R5,,,R_0805_2012Metric_Pad1.20x1.40mm_HandSolder,560,smt
8.992239,-39.984319,-90.0,top,R6,,,R_0805_2012Metric_Pad1.20x1.40mm_HandSolder,560,smt
-5.507761,-39.571819,90.0,top,R7,,,R_0805_2012Metric_Pad1.20x1.40mm_HandSolder,560,smt
2.742239,-41.484319,180.0,top,R8,,,R_0805_2012Metric_Pad1.20x1.40mm_HandSolder,560,smt
16.49223,-47.384319,180.0,top,R9,,,R_0805_2012Metric_Pad1.20x1.40mm_HandSolder,560,smt
-14.007761,-74.984319,0.0,top,U1,,,SOIC-8_3.9x4.9mm_P1.27mm,ATtiny402-SS,smt
-6.982761,-49.659319,0.0,top,U2,,,SOIC-16_3.9x9.9mm_P1.27mm,74HC595,smt
8.517239,-49.889319,180.0,top,U3,,,SOIC-16_3.9x9.9mm_P1.27mm,74HC595,smt
